{"cameraMode":{"drawMode":0,"name":"Shaded","section":"Shading Mode"},"sceneLighting":false,"audioPlay":false,"sceneViewState":{"showFog":true,"showMaterialUpdate":false,"showSkybox":false,"showFlares":true,"showImageEffects":true,"showParticleSystems":true},"in2DMode":false,"pivot":{"x":-1.243338704109192,"y":11.479639053344727,"z":3.9884252548217775},"rotation":{"x":0.0035631952341645958,"y":-0.9570202231407166,"z":0.2897610664367676,"w":0.011768482625484467},"size":2.1846117973327638,"orthographic":false}